INSERT INTO partido (siglas, nombre, id_pres) VALUES ('PAN', 'Partido Acción Nacional', '1'), ('PRI', 'Partido Revolucionario Internacional', '2'), ('PRD', 'Partido de la Revolución Democrática', '3'), ('PT', 'Partido del Trabajo', '4'), ('PVEM', 'Partido Verde Ecologista de Mexico', '5')
INSERT INTO apoderado (ine, nombre, partido) VALUES ('1987654363728472', 'Francisco Villa', 'PAN'), ('5765767890987654', 'Diego Moreno Acevedo', 'PRI'),('3432454323456765', 'Álvaro Obregón','PAN'),('7573347684285732', 'Eduardo Harari','PRI'),('8737273747574728', 'Sara Espinoza','PRI'),('3432454323456789', 'Gabriel Schlamp','PAN'), ('3628382746283747', 'Andres Manuel Lopez Obrador','PRD'), ('3657373765435678', 'Janett Acevedo','PRD'),('3432676323456789', 'Alejandro Fernandez','PRD'), ('3445654323456789', 'Pablo Escamilla','PT'), ('0982454323456789', 'Jennifer Perez','PT'),('3432454300056789', 'Alexa Juárez','PT'),('3432454323456000', 'Gabriel Schlamp','PVEM'),('7564637485837865', 'Carla Gavilán','PVEM'), ('7564637485800065', 'Joana Ocampo','PVEM')
INSERT INTO votacion (id, fecha) VALUES (1, '2020-07-01'), (2, '2022-01-01'), (3, '2023-03-20'), (4, '2024-07-15')
INSERT INTO colegio (numero, num_elect, fecha_votacion, id_votacion) VALUES (1, 1342, '2020-07-01', 1), (2, 14300, '2020-07-01', 1), (3, 7230, '2022-01-01', 2), (4, 99999, '2022-01-01', 2), (5, 80000, '2023-03-20', 3), (6, 6789, '2023-03-20', 3), (7, 12345, '2023-03-20', 3), (8, 76543, '2024-07-15', 4), (9, 23456, '2024-07-15', 4), (10, 23563, '2024-07-15', 4)
INSERT INTO mesa (id, v_blanco, v_nulo, num_colegio) VALUES ('a', 100, 80, 1), ('b', 20, 40, 1), ('c', 50, 30, 1), ('a', 10, 40, 2), ('b', 200, 40, 2), ('c', 50, 30, 2), ('a', 40, 80, 3), ('b', 20, 40, 3), ('c', 50, 30, 3), ('a', 100, 80, 4), ('b', 20, 40, 4), ('c', 50, 30, 4), ('a', 100, 80, 5), ('b', 20, 40, 5), ('c', 50, 30, 5), ('a', 100, 80, 6), ('b', 20, 40, 6), ('c', 50, 30, 6), ('a', 100, 80, 7), ('b', 20, 40, 7), ('c', 50, 30, 7), ('a', 100, 80, 8), ('b', 20, 40, 8), ('c', 50, 30, 8), ('a', 100, 80, 9), ('b', 20, 40, 9), ('c', 50, 30, 9), ('a', 100, 80, 10), ('b', 20, 40, 10), ('c', 50, 30, 10)
INSERT INTO votante(id, nombre, fecha_nac, direccion, atr_disc, id_mesa, num_colegio, fecha_inicio, fecha_fin) VALUES ('1', 'Eduardo', '1999-04-09', 'PrivTamarindos','E','a',1,'2019-04-08','2020-01-01'),('2', 'Ana', '1998-03-10', 'Cerrada 2','S','c',2,'2019-05-08','2020-09-02'),('3', 'Jesus', '1989-06-03', 'Herradura 2','V','b',1,'2019-10-08','2020-08-01'),('4', 'Maria', '1978-07-05', 'Loma de la Palma','P','c',2,'2019-10-08','2020-07-05'),('5', 'Isabella', '1969-03-03', 'duraznos 46','E','a',1,'2019-09-08','2020-06-06'),('6', 'Caro', '1975-07-02', 'AR45 3','E','b',2,'2019-05-07','2020-05-07'),('7', 'Paty', '1989-05-02', 'PrivTamarindos','E','c',1,'2019-04-06','2020-04-08'),('8', 'Diego', '1978-08-01', 'Cerrada 6','E','a',2,'2019-05-05','2020-03-09'),('9', 'Abraham', '1965-07-06', 'toronjos 45','E','a',1,'2019-04-02','2020-02-21'),('10', 'Ana', '1958-01-09', 'Hda del ciervo','E','c',2,'2019-05-01','2020-01-11'),('11', 'Juan', '1999-04-21', 'CALLE AGUSTIN LARA NO. 69-B','E','a',6,'2018-04-08','2019-01-01'),('12', 'José Luis', '1998-03-15', 'AV. INDEPENDENCIA NO. 241 2','E','c',5,'2017-05-08','2019-09-02'),('13', 'José', '1989-06-28', 'AV. INDEPENDENCIA NO. 779','E','b',1,'2017-10-08','2020-08-01'),('14', 'María Guadalupe', '1978-07-24', 'AV. 20 DE NOVIEMBRE NO.1024','E','c',3,'2018-10-08','2020-12-05'),('15', 'Francisco', '1969-03-13', 'AV. 20 DE NOVIEMBRE NO. 1060','E','a',4,'2019-09-08','2020-06-06'),('16', 'Guadalupe', '1975-09-16', 'CALLE ZARAGOZA NO. 101','E','b',10,'2019-05-07','2020-05-07'),('17', 'Juana', '1989-05-18', 'CALLE MATAMOROS NO. 310','E','c',1,'2019-04-06','2019-04-08'),('18', 'Diego', '1978-08-12', 'AV. 20 DE NOVIEMBRE NO.859-B','E','a',2,'2016-05-05','2020-03-21'),('19', 'Antonio', '1965-11-09', 'AV. 20 DE NOVIEMBRE NO 1053','E','a',4,'2019-04-02','2020-02-25'),('20', 'Miguel', '1958-12-05', 'BLVD. BENITO JUAREZ NO. 1466-A','S','c',7,'2018-05-01','2020-01-29'),('21', 'Pedro', '1979-04-21', 'CALLE MATAMOROS NO.280','S','a',1,'2019-04-08','2020-01-01'),('22', 'Luis', '1996-03-15', 'MATAMOROS NO 149','S','c',2,'2018-05-22','2019-09-02'),('23', 'Alejandro', '1959-06-28', 'AV. 5 DE MAYO NO 1100-A','S','b',3,'2016-10-08','2017-08-01'),('24', 'Manuel', '1978-07-24', 'AV. 20 DE NOVIEMBRE NO 1540','S','c',6,'2017-10-08','2020-12-05'),('25', 'Margarita', '1989-03-13', 'AV. 5 DE MAYO NO 1253','S','a',4,'2019-10-08','2019-11-06'),('26', 'Roberto', '1970-09-16', 'CALLE OCAMPO NO 14','S','b',5,'2019-05-07','2020-05-07'),('27', 'Fernando', '1939-05-18', 'BLVD. BENITO JUAREZ ESQ. 20 DE NOVIEMBRE S/N','S','c',7,'2019-08-06','2019-11-08'),('28', 'Daniel', '1978-08-12', 'CALLE ALDAMA NO 156','S','a',8,'2016-05-05','2020-03-21'),('29', 'Carlos', '1999-11-09', 'AV. INDEPENDENCIA NO 145','S','a',10,'2019-04-02','2020-02-25'),('30', 'Jorge', '1967-12-05', 'AV. 20 DE NOVIEMBRE NO 1046','S','c',9,'2018-05-01','2020-01-29'),('31', 'Ricardo', '2005-04-21', 'AV. 20 DE NOVIEMBRE NO 1046','S','a',1,'2018-04-08','2019-10-01'),('32', 'Miguel', '2001-03-15', 'CALLE IGNACIO RAYON NO.949','S','c',2,'2017-05-08','2019-09-02'),('33', 'Eduardo', '2000-06-28', 'CALLE IGNACIO RAYON NO.934','S','b',3,'2017-10-08','2020-08-01'),('34', 'Javier', '2005-07-24', 'AV. 20 DE NOV. NO. 881 ESQ. ALDAMA','S','c',6,'2018-10-08','2020-12-05'),('35', 'Rafael', '2007-03-13', 'AV. 20 DE NOVIEMBRE NO. 1178','S','a',4,'2019-09-08','2020-06-06'),('36', 'Martín', '2010-09-16', 'AV. 5 DE MAYO NO. 1226','S','b',5,'2019-05-07','2020-05-07'),('37', 'Raul', '2002-05-18', 'MATAMOROS NO 85 ESQ. 20 DE NOVIEMBRE','S','c',7,'2019-04-06','2019-04-08'),('38', 'Daniel', '2003-08-12', 'AV. 20 DE NOVIEMBRE NO 1320','S','a',8,'2016-05-05','2020-03-21'),('39', 'Josefina', '1965-11-09', 'CALLE OCAMPO NO. 254','S','a',10,'2019-04-02','2020-02-25'),('40', 'Antonio', '1956-12-05', 'AV.INDEPENDENCIA NO. 678','S','c',9,'2018-05-01','2020-01-29'),('41', 'Arturo', '2004-04-21', 'AV. INDEPENDENCIA N0.677','S','a',1,'2018-05-08','2019-10-01'),('42', 'Marco', '2003-03-15', 'CALLE MORELOS NO. 72-B','S','c',2,'2017-06-08','2019-09-02'),('43', 'José', '2007-06-28', 'CALLE ALDAMA NO.50','S','b',3,'2017-11-08','2020-08-01'),('44', 'Francisco', '1995-07-24', 'CALLE IGNACIO MATIAS NO.6','S','c',6,'2018-12-08','2020-12-05'),('45', 'Enrique', '1996-03-13', 'AV. INDEPENDENCIA NO. 670','V','a',4,'2019-10-08','2019-11-06'),('46', 'Verónica', '1997-09-16', 'PROL.5 DE MAYO NO.786','V','b',5,'2019-05-07','2019-06-07'),('47', 'Gerardo', '2000-05-18', 'AV. LIBERTAD NO. 495','V','c',7,'2019-04-06','2019-05-08'),('48', 'María', '1993-08-12', 'AV. 5 NO. 1186 A','V','a',8,'2016-05-05','2019-03-21'),('49', 'Leticia', '1965-11-09', 'AV. 5 NO.1186-A','V','a',10,'2019-04-02','2020-02-25'),('50', 'Rosa', '1958-12-05', 'AV. 20 DE NOVIEMBRE ESQ. JUAREZ','V','c',9,'2018-05-01','2020-01-29'),('51', 'Mario', '2005-04-21', 'AV. INDEPENDENCIA N0.670','V','a',1,'2018-03-08','2019-10-01'),('52', 'Francisca', '2001-03-15', 'CALLE BENITO JUAREZ NO.495','M','c',2,'2017-04-08','2019-09-02'),('53', 'Alfredo', '2000-06-28', '20 DE NOVIEMBRE NO. 955','V','b',3,'2017-09-08','2020-01-01'),('54', 'Teresa', '2005-07-24', 'AV. INDEPENDENCIA 918','V','c',6,'2018-10-08','2020-02-05'),('55', 'Alicia', '2007-03-13', 'AV INDEPENDENCIA 565-A','V','a',4,'2019-08-08','2019-11-06'),('56', 'Sergio', '2010-09-16', 'CALLE MATAMOROS NO. 325','V','b',5,'2019-03-07','2019-06-07'),('57', 'Alberto', '2002-05-18', 'CALLE RIVA PALACIOS NO. 465','V','c',7,'2019-02-06','2019-05-08'),('58', 'Luis', '2003-08-12', 'AV. 20 DE NOVIEMBRE NO. 1291','V','a',8,'2016-01-05','2019-03-21'),('59', 'Armando', '1965-11-09', '5 DE MAYO 1038','V','a',10,'2019-04-04','2020-02-25'),('60', 'Alejandra', '1956-12-05', 'INDEPENDENCIA 748','V','c',9,'2018-01-01','2020-01-29'),('61', 'Martha', '1986-04-21', 'AV. 20 DE NOVIEMBRE NO. 963','V','a',1,'2018-03-08','2019-11-01'),('62', 'Santiago', '1976-03-15', 'AV. INDEPENDENCIA NO. 748','V','c',2,'2017-04-08','2019-11-02'),('63', 'Yolanda', '1970-06-28', 'AV. 20 DE NOVIEMBRE NO.1896','V','b',3,'2017-09-08','2020-02-01'),('64', 'Patricia', '1984-07-24', '5 DE MAYO 1660','V','c',6,'2018-10-08','2020-01-05'),('65', 'Juan', '1975-03-13', '20 DE NOVIEMBRE ESQ JUAREZ','V','a',4,'2019-05-08','2019-06-06'),('66', 'Rosa', '1958-09-16', 'AV. JESUS CARRANZA NO. 991','V','b',5,'2019-03-07','2019-04-07'),('67', 'Elizabeth', '1934-05-18', 'OCAMPO 254-B','V','c',7,'2019-02-06','2019-05-18'),('68', 'Gloria', '1989-08-12', 'AV. INDEPENDENCIA NO. 240','V','a',8,'2016-01-05','2019-03-21'),('69', 'Gabriela', '1967-11-09', 'AV. INDEPENDENCIA NO. 545-D','V','a',10,'2019-04-10','2020-01-25'),('70', 'Ángel', '1966-12-05', 'AV. JESUS CARRANZA NO. 60','V','c',9,'2018-06-01','2020-01-29'),('71', 'Salvador', '1987-04-21', 'AV. ROBERTYO COLORADO 1350','V','a',1,'2018-04-08','2019-11-01'),('72', 'Víctor', '1977-03-15', 'C. ALDAMA NO. 153','V','c',2,'2017-05-08','2019-11-02'),('73', 'Silvia', '1971-06-28', 'AV. 20 DE NOVIEMBRE NO. 1020','V','b',3,'2017-10-08','2020-02-01'),('74', 'Gabriel', '1985-07-24', 'CAMINO LOMA ALTA NO. 1000','V','c',6,'2018-11-08','2020-02-05'),('75', 'Andrés', '1976-03-13', 'AV. INDEPENDENCIA NO. 579','V','a',4,'2019-02-08','2019-06-06'), ('76', 'Óscar', '1959-09-16', 'CALLE 21 DE MARZO NO. 17','V','b',5,'2019-04-07','2019-04-27'),('77', 'Guillermo', '1935-05-18', 'CALLE MATAMOROS NO. 2-B','V','c',7,'2019-03-06','2019-05-18'),('78', 'María', '1989-08-11', 'INDEPENDENCIA NO. 717','V','a',8,'2016-02-05','2019-03-21'),('79', 'Ramón', '1968-11-09', '18 DE MARZO NO. 1111','V','a',10,'2019-05-10','2020-02-02'),('80', 'Isabel', '1965-12-05', 'AV. INDEPENDENCIA NO. 1054','P','c',9,'2018-07-01','2020-01-29'),('81', 'Pablo', '1997-04-21', 'ALDAMA 19-13','P','a',1,'2018-04-08','2019-11-06'),('82', 'Ruben', '1987-03-15', 'AV.LIBERTAD NO. 33','P','c',2,'2017-05-08','2019-11-07'),('83', 'Antonia', '1981-06-28', 'AV. INDEPENDENCIA NO. 85','P','b',3,'2017-10-08','2020-02-05'),('84', 'Luis', '1995-07-24', 'CALLE MATAMOROS NO. 237','P','c',6,'2018-11-08','2020-02-09'),('85', 'Ángel', '1986-03-13', 'CALLEJON DE LA NOCHE TRISTE NO.23','M','a',4,'2019-01-08','2019-06-10'),('86', 'Felipe', '1969-09-16', 'CALLE OCAMPO NO. 231','M','b',5,'2019-04-07','2019-04-11'),('87', 'Jorge', '1945-05-18', 'OCAMPO NO. 231','M','c',7,'2019-03-06','2019-05-22'),('88', 'Jaime', '1999-08-11', 'CALLE MORELOS NO. 44','M','a',8,'2016-02-05','2019-03-25'),('89', 'Julio', '1978-11-09', 'AV DANIEL SOTO 738','M','a',10,'2019-05-10','2020-02-29'),('90', 'Cesar', '1975-12-05', 'AV. INDEPENDENCIA NO. 1231 A','M','c',9,'2018-07-01','2020-01-22'),('91', 'José', '1997-05-22', 'AV. INDEPENDENCIA NO. 562','M','a',1,'2017-04-08','2019-11-06'),('92', 'Diego', '1987-04-16', 'AV. 5 DE MAYO NO. 583','M','c',2,'2016-05-08','2019-11-07'),('93', 'Araceli', '1981-07-29', 'AV. LIBERTAD NO. 56','M','b',3,'2016-10-08','2020-02-05'),('94', 'Andrea', '1995-08-25', 'AV. INDEPENDENCIA NO. 500','M','c',6,'2017-11-08','2020-02-09'),('95', 'Isabel', '1986-04-14', 'AV. INDEPENDENCIA N0.562','M','a',4,'2018-12-08','2019-06-10'),('96', 'María', '1969-10-17', 'AV. 20 DE NOVIEMBRE 795','M','b',5,'2018-04-07','2019-04-11'),('97', 'Irma', '1945-06-19', 'AV INDEPENDENCIA NO 219','M','c',7,'2018-03-06','2019-05-22'),('98', 'Carmen', '1999-09-12', 'AV. INDEPENDENCIA NO. 545-D','M','a',8,'2015-02-05','2019-03-25'),('99', 'Lucía', '1978-12-10', 'MATAMOROS NO. 327','M','a',10,'2018-05-10','2020-02-29'),('100', 'Adriana', '1975-11-06', 'KM.13 CARRET. CD. ALEMAN-TUXTEPEC','M','c',9,'2017-07-01','2020-01-22') 
INSERT INTO elec_mun (id_mesa, partido, num_colegio) VALUES ('a', 'PAN', 1), ('b', 'PRI', 1), ('c', 'PRD', 1), ('a', 'PT', 2), ('b', 'PRI', 2), ('c', 'PRD', 2), ('a', 'PAN', 3), ('b', 'PRI', 3), ('c', 'PRD', 3), ('a', 'PAN', 4), ('b', 'PRI', 4), ('c', 'PRD', 4), ('a', 'PAN', 5), ('b', 'PAN', 5), ('c', 'PVEM', 5), ('a', 'PT', 6), ('b', 'PAN', 6), ('c', 'PVEM', 6), ('a', 'PT', 7), ('b', 'PAN', 7), ('c', 'PT', 7), ('a', 'PT', 8), ('b', 'PAN', 8), ('c', 'PT', 8), ('a', 'PT', 9), ('b', 'PAN', 9), ('c', 'PT', 9), ('a', 'PT', 10), ('b', 'PAN', 10), ('c', 'PT', 10), ('a', 'PAN', 1), ('b', 'PRI', 1), ('c', 'PRD', 1), ('a', 'PRI', 2), ('b', 'PRI', 2), ('c', 'PRD', 2), ('a', 'PAN', 3), ('b', 'PRI', 3), ('c', 'PRD', 3), ('a', 'PAN', 4), ('b', 'PRI', 4), ('c', 'PRD', 4), ('a', 'PAN', 5), ('b', 'PAN', 5), ('c', 'PT', 5), ('a', 'PT', 6), ('b', 'PAN', 6), ('c', 'PT', 6), ('a', 'PT', 7), ('b', 'PAN', 7), ('c', 'PT', 7), ('a', 'PT', 8), ('b', 'PAN', 8), ('c', 'PT', 8), ('a', 'PT', 9), ('b', 'PAN', 9), ('c', 'PT', 9), ('a', 'PT', 10), ('b', 'PAN', 10), ('c', 'PT', 10) 
INSERT INTO elec_fed (id_mesa, partido, num_colegio) VALUES ('a', 'PT', 1), ('b', 'PAN', 1), ('c', 'PRI', 1), ('a', 'PVEM', 2), ('b', 'PAN', 2), ('c', 'PRI', 2), ('a', 'PVEM', 3), ('b', 'PAN', 3), ('c', 'PRI', 3), ('a', 'PVEM', 4), ('b', 'PAN', 4), ('c', 'PRI', 4), ('a', 'PVEM', 5), ('b', 'PVEM', 5), ('c', 'PVEM', 5), ('a', 'PVEM', 6), ('b', 'PVEM', 6), ('c', 'PVEM', 6), ('a', 'PVEM', 7), ('b', 'PVEM', 7), ('c', 'PVEM', 7), ('a', 'PVEM', 8), ('b', 'PVEM', 8), ('c', 'PT', 8), ('a', 'PT', 9), ('b', 'PT', 9), ('c', 'PT', 9), ('a', 'PT', 10), ('b', 'PAN', 10), ('c', 'PT', 10), ('a', 'PAN', 1), ('b', 'PAN', 1), ('c', 'PRI', 1), ('a', 'PAN', 2), ('b', 'PRI', 2), ('c', 'PRD', 2), ('a', 'PAN', 3), ('b', 'PRI', 3), ('c', 'PRD', 3), ('a', 'PAN', 4), ('b', 'PRI', 4), ('c', 'PRD', 4), ('a', 'PAN', 5), ('b', 'PAN', 5), ('c', 'PT', 5), ('a', 'PT', 6), ('b', 'PAN', 6), ('c', 'PT', 6), ('a', 'PT', 7), ('b', 'PAN', 7), ('c', 'PT', 7), ('a', 'PT', 8), ('b', 'PAN', 8), ('c', 'PT', 8), ('a', 'PT', 9), ('b', 'PAN', 9), ('c', 'PT', 9), ('a', 'PT', 10), ('b', 'PAN', 10), ('c', 'PT', 10)
INSERT INTO list_mun (partido, orden, id_votante) VALUES ('PAN', 1, '6'), ('PAN', 2, '9'), ('PAN', 3, '10'), ('PAN', 4, '20'), ('PRI', 1, '1'), ('PRI', 2, '18'), ('PRI', 3, '12'), ('PRI', 4, '25'), ('PRD', 1, '4'), ('PRD', 2, '15'), ('PRD', 3, '40'), ('PRD', 4, '80'), ('PT', 1, '43'), ('PT', 2, '45'), ('PT', 3, '60'), ('PT', 4, '44'), ('PVEM', 1, '62'), ('PVEM', 2, '99'), ('PVEM', 3, '13'), ('PVEM', 4, '69')